symmetry_mean,fractal_dimension_mean,radius_se,texture_se,smoothness_se,compactness_se,concave points_se,symmetry_se,texture_worst,smoothness_worst,concave points_worst,symmetry_worst,diagnosis_encoded
0.2419,0.07871,1.095,0.9053,0.006399,0.04904,0.01587,0.03003,17.33,0.1622,0.2654,0.4601,1
0.1812,0.05667,0.5435,0.7339,0.005225,0.01308,0.0134,0.01389,23.41,0.1238,0.186,0.275,1
0.2069,0.05999,0.7456,0.7869,0.00615,0.04006,0.02058,0.0225,25.53,0.1444,0.243,0.3613,1
0.2597,0.09744,0.4956,1.156,0.00911,0.07458,0.01867,0.05963,26.5,0.2098,0.2575,0.6638,1
0.1809,0.05883,0.7572,0.7813,0.01149,0.02461,0.01885,0.01756,16.67,0.1374,0.1625,0.2364,1
0.2087,0.07613,0.3345,0.8902,0.00751,0.03345,0.01137,0.02165,23.75,0.1791,0.1741,0.3985,1
0.1794,0.05742,0.4467,0.7732,0.004314,0.01382,0.01039,0.01369,27.66,0.1442,0.1932,0.3063,1
0.2196,0.07451,0.5835,1.377,0.008805,0.03029,0.01448,0.01486,28.14,0.1654,0.1556,0.3196,1
0.235,0.07389,0.3063,1.002,0.005731,0.03502,0.01226,0.02143,30.73,0.1703,0.206,0.4378,1
0.203,0.08243,0.2976,1.599,0.007149,0.07217,0.01432,0.01789,40.68,0.1853,0.221,0.4366,1
0.1528,0.05697,0.3795,1.187,0.004029,0.009269,0.007591,0.0146,33.88,0.1181,0.09975,0.2948,1
0.1842,0.06082,0.5058,0.9849,0.005771,0.04061,0.01282,0.02008,27.28,0.1396,0.181,0.3792,1
0.2397,0.078,0.9555,3.568,0.003139,0.08297,0.0409,0.04484,29.94,0.1037,0.1767,0.3176,1
0.1847,0.05338,0.4033,1.078,0.009769,0.03126,0.01992,0.02981,27.66,0.1131,0.1119,0.2809,1
0.2069,0.07682,0.2121,1.169,0.006429,0.05936,0.01628,0.01961,32.01,0.1651,0.2208,0.3596,1
0.2303,0.07077,0.37,1.033,0.005607,0.0424,0.0109,0.01857,37.13,0.1678,0.1712,0.4218,1
0.1586,0.05922,0.4727,1.24,0.005718,0.01162,0.01109,0.0141,30.88,0.1464,0.1609,0.3029,1
0.2164,0.07356,0.5692,1.073,0.007026,0.02501,0.01297,0.01689,31.48,0.1789,0.2073,0.3706,1
0.1582,0.05395,0.7582,1.017,0.006494,0.01893,0.01521,0.01356,30.88,0.1512,0.2388,0.2768,1
0.1885,0.05766,0.2699,0.7886,0.008462,0.0146,0.01315,0.0198,19.26,0.144,0.1288,0.2977,0
0.1967,0.06811,0.1852,0.7477,0.004097,0.01898,0.00649,0.01678,20.49,0.1312,0.07283,0.3184,0
0.1815,0.06905,0.2773,0.9768,0.009606,0.01432,0.01421,0.02027,15.66,0.1324,0.06227,0.245,0
0.2521,0.07032,0.4388,0.7096,0.006789,0.05328,0.02252,0.03672,19.08,0.139,0.2393,0.4667,1
0.1769,0.05278,0.6917,1.127,0.004728,0.01259,0.01038,0.01083,35.59,0.1401,0.2009,0.2822,1
0.1995,0.0633,0.8068,0.9017,0.006048,0.01882,0.0113,0.01468,31.56,0.1805,0.2095,0.3613,1
0.304,0.07413,1.046,0.976,0.008029,0.03799,0.02397,0.02308,21.4,0.1545,0.255,0.4066,1
0.2252,0.06924,0.2545,0.9832,0.004452,0.03055,0.01352,0.01454,33.21,0.1525,0.2701,0.4264,1
0.1697,0.05699,0.8529,1.849,0.01075,0.02722,0.01911,0.02293,27.26,0.1338,0.149,0.2341,1
0.1926,0.0654,0.439,1.012,0.005233,0.03057,0.01083,0.01768,36.71,0.1641,0.2024,0.4027,1
0.1739,0.06149,0.6003,0.8225,0.005627,0.03033,0.01354,0.01925,19.52,0.1255,0.1456,0.2756,1
0.2183,0.06197,0.8307,1.466,0.006248,0.03374,0.01158,0.02007,34.01,0.1491,0.1848,0.3444,1
0.2301,0.07799,0.4825,1.03,0.005551,0.03414,0.01044,0.02273,28.12,0.1637,0.1546,0.4761,1
0.2248,0.06382,0.6009,1.398,0.008268,0.03082,0.01112,0.02102,32.09,0.1634,0.1847,0.353,1
0.1853,0.06261,0.5558,0.6062,0.005015,0.03318,0.009643,0.01543,30.9,0.1509,0.1785,0.3672,1
0.1998,0.06515,0.334,0.6857,0.004185,0.02868,0.009067,0.01703,27.26,0.1446,0.1864,0.427,1
0.1896,0.05656,0.4615,0.9197,0.005776,0.02499,0.01195,0.02789,29.02,0.1563,0.1813,0.4863,1
0.1885,0.06125,0.286,1.019,0.005878,0.02995,0.01161,0.02028,30.36,0.1446,0.1447,0.3591,1
0.1467,0.05863,0.1839,2.342,0.004352,0.004899,0.01164,0.02671,22.81,0.09701,0.05013,0.1987,0
0.1565,0.05504,1.214,2.188,0.006883,0.01094,0.01917,0.007882,25.2,0.09387,0.02899,0.1565,1
0.172,0.06419,0.213,0.5914,0.005367,0.02239,0.01262,0.01377,26.02,0.161,0.2258,0.2807,1
0.1784,0.05587,0.2385,0.8265,0.00328,0.01102,0.006881,0.0138,30.25,0.1094,0.1112,0.2994,1
0.1895,0.0687,0.2366,1.428,0.008064,0.01764,0.01037,0.01357,35.34,0.1909,0.1424,0.2964,1
0.231,0.06343,0.9811,1.666,0.006548,0.1006,0.02638,0.05333,33.17,0.1247,0.2493,0.467,1
0.1974,0.06782,0.3704,0.8249,0.005072,0.02147,0.00956,0.01719,28.0,0.153,0.1492,0.3739,1
0.1746,0.06177,0.1938,0.6123,0.00335,0.01384,0.006853,0.01113,29.89,0.1503,0.1607,0.3693,1
0.1907,0.06049,0.6289,0.6633,0.006294,0.03994,0.01695,0.02428,21.32,0.1679,0.2378,0.3799,1
0.1769,0.06503,0.1563,0.9567,0.008968,0.01646,0.005917,0.02574,21.96,0.1297,0.02564,0.3105,0
0.2128,0.06777,0.2871,0.8937,0.006532,0.02336,0.01215,0.01743,27.95,0.1786,0.2088,0.39,1
0.1675,0.06043,0.2636,0.7294,0.005488,0.01427,0.00566,0.01428,20.7,0.1494,0.06548,0.2747,0
0.1809,0.05718,0.2338,1.353,0.004455,0.01382,0.01184,0.01641,31.82,0.1162,0.1282,0.2871,0
0.1495,0.05888,0.4062,1.21,0.005857,0.009758,0.007445,0.02406,25.72,0.1085,0.03715,0.2433,0
0.1353,0.05953,0.1872,0.9234,0.004477,0.01177,0.007956,0.01325,23.19,0.1089,0.08586,0.2346,0
0.1868,0.0611,0.2273,0.6329,0.00721,0.00838,0.008,0.01996,21.33,0.1144,0.06296,0.2785,0
0.2092,0.0631,0.8337,1.593,0.003899,0.02961,0.009222,0.02674,24.13,0.128,0.1325,0.3021,1
0.1616,0.05684,0.3105,0.8339,0.004675,0.0103,0.009222,0.01095,31.69,0.1389,0.153,0.2675,1
0.192,0.05907,0.3249,0.9591,0.008328,0.008722,0.00867,0.03218,22.47,0.1249,0.06316,0.3306,0
0.1917,0.05961,0.7275,1.193,0.006458,0.02306,0.01538,0.01852,28.14,0.1624,0.2091,0.3537,1
0.2027,0.06758,0.4226,1.15,0.003659,0.02855,0.01272,0.01817,30.7,0.1368,0.1834,0.3698,1
0.1819,0.05501,0.404,1.214,0.007491,0.008593,0.004167,0.0219,22.25,0.1021,0.01111,0.2439,0
0.1683,0.07187,0.1559,0.5796,0.01011,0.01055,0.005742,0.0209,15.4,0.1733,0.04419,0.322,0
0.2743,0.0696,0.5158,1.441,0.007514,0.01099,0.008193,0.04183,17.45,0.1275,0.02579,0.3557,0
0.1828,0.06757,0.3582,2.067,0.01193,0.03162,0.009259,0.03357,27.04,0.1639,0.02778,0.2972,0
0.1949,0.07292,0.7036,1.268,0.009407,0.07056,0.01848,0.017,29.51,0.164,0.1785,0.2844,1
0.2341,0.06963,0.4098,2.265,0.008738,0.03938,0.0156,0.04192,19.23,0.09836,0.05087,0.3282,0
0.1905,0.0659,0.4255,1.178,0.007781,0.02648,0.0129,0.01635,33.47,0.1851,0.1716,0.3383,1
0.1953,0.06654,0.3577,1.281,0.006703,0.0231,0.01184,0.019,33.39,0.1648,0.1614,0.3321,1
0.1717,0.06899,0.2351,2.011,0.01052,0.01755,0.009333,0.02279,31.56,0.1548,0.06517,0.2878,0
0.1516,0.05667,0.2727,0.9429,0.009282,0.009216,0.008965,0.02183,23.84,0.129,0.06961,0.24,0
0.2111,0.08046,0.3274,1.194,0.009549,0.08606,0.03322,0.04197,22.65,0.1482,0.175,0.4228,0
0.159,0.05653,0.2368,0.8732,0.007962,0.005612,0.008662,0.02254,19.76,0.1296,0.05882,0.2383,0
0.1582,0.05461,0.7888,0.7975,0.004444,0.01652,0.0137,0.01386,26.58,0.1193,0.1789,0.2551,1
0.1902,0.0898,0.5262,0.8522,0.01721,0.09368,0.01766,0.02541,15.67,0.1207,0.04786,0.2254,0
0.1927,0.06487,0.5907,1.041,0.00582,0.05616,0.01127,0.01527,33.82,0.1585,0.1899,0.3313,1
0.1662,0.06566,0.2787,0.6205,0.004717,0.02065,0.009206,0.0122,20.86,0.1411,0.1383,0.2589,1
0.172,0.05914,0.2505,1.025,0.004854,0.01819,0.007965,0.01386,23.21,0.1176,0.0866,0.2618,0
0.1798,0.05391,0.7474,1.016,0.01082,0.02203,0.01809,0.0155,24.56,0.15,0.152,0.265,1
0.2403,0.06641,0.4101,1.014,0.0134,0.02839,0.008239,0.02572,12.49,0.1451,0.07407,0.271,0
0.2152,0.06673,0.9806,0.5505,0.00794,0.05839,0.0207,0.02591,18.91,0.1478,0.2102,0.3751,1
0.2906,0.08142,0.9317,1.885,0.01038,0.06835,0.02593,0.07895,31.72,0.1639,0.2508,0.544,1
0.1718,0.05997,0.2655,1.095,0.005293,0.01661,0.008179,0.01748,24.82,0.1289,0.07926,0.2779,0
0.1842,0.07005,0.3251,2.174,0.01037,0.01706,0.007506,0.01816,32.16,0.1557,0.06127,0.2762,0
0.1942,0.06902,0.286,1.016,0.006794,0.03575,0.01383,0.02134,23.19,0.1536,0.1708,0.3527,0
0.1829,0.06782,0.8973,1.474,0.008166,0.05693,0.0203,0.01065,33.62,0.1573,0.2867,0.2355,1
0.1634,0.07224,0.519,2.91,0.007545,0.0605,0.01843,0.03056,32.72,0.1392,0.1841,0.2311,1
0.2079,0.05968,0.2271,1.255,0.005969,0.01812,0.007027,0.01972,24.9,0.1377,0.07632,0.3379,0
0.2132,0.06022,0.6997,1.475,0.006471,0.01649,0.0142,0.0237,27.68,0.1398,0.1642,0.3695,1
0.2075,0.05636,0.4204,2.22,0.009369,0.02983,0.01761,0.02418,29.25,0.1306,0.1225,0.302,1
0.1953,0.05629,0.5495,0.6636,0.003872,0.01842,0.012,0.01964,30.41,0.1249,0.1956,0.3956,1
0.193,0.06404,0.2978,1.502,0.007112,0.02493,0.01293,0.01958,30.5,0.1304,0.1205,0.2972,0
0.2116,0.06346,0.5115,0.7372,0.005508,0.04412,0.01623,0.02427,18.24,0.1277,0.1397,0.3151,0
0.1685,0.05866,0.3721,1.111,0.004868,0.01818,0.008606,0.02085,29.11,0.1115,0.06946,0.2522,0
0.1717,0.06097,0.3129,0.8413,0.009882,0.02444,0.01763,0.02471,25.84,0.1257,0.1476,0.2556,1
0.1386,0.05318,0.4057,1.153,0.004481,0.01038,0.01082,0.01069,22.35,0.1006,0.1001,0.2027,0
0.1638,0.0571,0.295,1.373,0.005884,0.01491,0.009366,0.01884,25.94,0.1339,0.07911,0.2678,0
0.1855,0.06284,0.4768,0.9644,0.00925,0.03715,0.01851,0.01498,24.23,0.1551,0.2115,0.2834,1
0.2095,0.05649,0.7576,1.509,0.006016,0.03482,0.01269,0.02657,31.59,0.119,0.1573,0.3689,1
0.19,0.06635,0.3661,1.511,0.005433,0.01179,0.01519,0.0222,20.92,0.114,0.05882,0.2227,0
0.135,0.0689,0.335,2.043,0.01113,0.01463,0.00525,0.01801,26.29,0.1316,0.02381,0.1934,0
0.162,0.06582,0.2315,0.5391,0.006153,0.0133,0.006884,0.01651,17.16,0.1431,0.08449,0.2772,0
0.1879,0.0639,0.2895,1.851,0.008005,0.02895,0.01424,0.01462,30.86,0.1431,0.1565,0.2718,1
0.1609,0.05871,0.4565,1.29,0.005872,0.01488,0.009921,0.01465,35.27,0.1265,0.1184,0.2651,1
0.193,0.07818,0.2241,1.508,0.01019,0.01084,0.0,0.02659,19.54,0.1584,0.0,0.2932,0
0.1739,0.05677,0.1924,1.571,0.00508,0.006098,0.006797,0.01447,32.84,0.1123,0.07431,0.2694,0
0.1945,0.06322,0.1803,1.222,0.009058,0.02196,0.01112,0.01609,26.83,0.1559,0.09749,0.2622,0
0.2217,0.06481,0.355,1.534,0.007595,0.02219,0.008614,0.0271,23.31,0.1219,0.03203,0.2826,0
0.1925,0.07692,0.3908,0.9238,0.007162,0.02912,0.01388,0.01547,22.4,0.1862,0.1986,0.3147,1
0.1801,0.0652,0.306,1.657,0.00854,0.0231,0.01398,0.01565,29.26,0.1688,0.1218,0.2806,0
0.1602,0.06066,0.1199,0.8944,0.003457,0.01047,0.005558,0.01251,27.49,0.1184,0.08442,0.2983,0
0.2556,0.07039,1.215,1.545,0.006515,0.08668,0.0248,0.03112,28.01,0.1701,0.291,0.4055,1
0.1487,0.06529,0.2344,0.9861,0.009113,0.01557,0.006435,0.01568,29.15,0.1699,0.08278,0.2829,0
0.1584,0.07065,0.403,1.424,0.01385,0.02932,0.01023,0.03281,21.47,0.1467,0.05334,0.2533,0
0.1735,0.0707,0.3424,1.803,0.01291,0.04042,0.02295,0.02144,25.47,0.1287,0.1105,0.2226,0
0.1704,0.07769,0.3628,1.49,0.005298,0.07446,0.02292,0.02566,23.73,0.08949,0.1505,0.2398,0
0.1922,0.07782,0.3336,1.86,0.01188,0.03747,0.01544,0.02287,22.75,0.13,0.06136,0.2383,0
0.1649,0.07633,0.1665,0.5864,0.008261,0.02213,0.0104,0.01708,19.62,0.1724,0.105,0.2926,0
0.1688,0.06194,0.3118,0.9227,0.007803,0.02507,0.007711,0.01278,26.15,0.15,0.07247,0.2438,0
0.1305,0.07163,0.3132,0.9789,0.01835,0.0676,0.02308,0.02384,17.07,0.1179,0.03846,0.1652,0
0.2157,0.06768,0.4266,0.9489,0.006985,0.02563,0.01271,0.01602,27.37,0.1878,0.2027,0.3585,1
0.2096,0.07331,0.552,1.072,0.008699,0.03976,0.0139,0.01495,30.5,0.1855,0.2034,0.3274,1
0.2129,0.05025,0.5506,1.214,0.004024,0.008422,0.009863,0.05014,27.83,0.1072,0.1185,0.4882,1
0.1667,0.06113,0.1408,0.4607,0.00604,0.01529,0.00646,0.01344,15.97,0.1548,0.08958,0.3016,0
0.1966,0.06213,0.7128,1.581,0.008102,0.02101,0.01601,0.02045,24.9,0.1503,0.1674,0.2894,1
0.2655,0.06877,1.509,3.12,0.02333,0.09806,0.01822,0.04547,23.99,0.1696,0.2248,0.3222,1
0.1856,0.06402,0.2929,0.857,0.003818,0.01276,0.012,0.0191,15.98,0.1313,0.1221,0.2889,0
0.1422,0.05823,0.1639,1.14,0.005919,0.0327,0.01038,0.01208,22.75,0.1025,0.08978,0.2048,0
0.1614,0.0589,0.2185,0.8561,0.004599,0.009169,0.004814,0.01247,23.58,0.1157,0.05104,0.2364,0
0.1761,0.0613,0.231,1.005,0.004088,0.01174,0.00688,0.01323,35.64,0.1471,0.1329,0.347,1
0.1946,0.05044,0.6896,1.342,0.004428,0.02731,0.01361,0.0203,25.73,0.1021,0.1218,0.2841,1
0.2001,0.06467,0.4309,1.068,0.009006,0.04185,0.02258,0.02353,18.33,0.1386,0.1423,0.259,0
0.2202,0.06113,0.4953,1.199,0.005033,0.03179,0.01043,0.01578,33.58,0.1275,0.1732,0.3305,1
0.188,0.06471,0.2005,0.8163,0.006773,0.02456,0.008094,0.02662,17.81,0.1427,0.08187,0.3469,0
0.1931,0.05796,0.4743,0.7859,0.00624,0.01484,0.01093,0.01397,26.0,0.1546,0.1514,0.2837,1
0.216,0.05891,0.4332,1.265,0.004877,0.01952,0.009231,0.01535,31.68,0.1395,0.1312,0.348,1
0.1816,0.05723,0.3117,0.8155,0.005217,0.01515,0.01268,0.01669,19.25,0.1223,0.1374,0.2723,0
0.1692,0.05727,0.5959,1.202,0.006001,0.01422,0.009148,0.01492,31.39,0.1465,0.1379,0.3109,1
0.1585,0.06065,0.2367,1.38,0.007499,0.01202,0.00892,0.01647,33.37,0.1419,0.09331,0.2829,1
0.1339,0.05945,0.4489,2.508,0.006578,0.0138,0.01307,0.01359,25.48,0.1271,0.06968,0.1712,0
0.1734,0.05865,0.1759,0.9938,0.005133,0.01521,0.008602,0.01501,22.02,0.119,0.08476,0.2676,0
0.1957,0.06216,1.296,1.452,0.01,0.0348,0.02801,0.05168,21.43,0.1411,0.1667,0.3414,1
0.1771,0.06072,0.3384,1.343,0.01127,0.03498,0.01965,0.0158,15.77,0.1367,0.08611,0.2102,0
0.1903,0.06422,0.1988,0.496,0.00604,0.005656,0.0,0.02277,14.1,0.1234,0.0,0.3105,0
0.1861,0.06248,0.7049,1.332,0.00677,0.01938,0.01167,0.01875,25.27,0.1314,0.1216,0.2792,1
0.1645,0.06562,0.2843,1.908,0.006664,0.01735,0.00952,0.02282,26.76,0.1413,0.06402,0.2584,0
0.1778,0.06235,0.2143,0.7712,0.005324,0.01563,0.007584,0.02104,21.82,0.1312,0.1012,0.3549,0
0.1399,0.05688,0.2525,1.239,0.006547,0.01781,0.005612,0.01671,20.72,0.1076,0.03413,0.23,0
0.1995,0.07839,0.3962,0.6538,0.01017,0.04741,0.0111,0.03127,16.51,0.1424,0.06042,0.2727,0
0.2678,0.07371,0.3197,1.426,0.005427,0.03633,0.01843,0.05628,26.38,0.1385,0.1865,0.5774,1
0.1744,0.06493,0.422,1.909,0.00579,0.04877,0.01527,0.03356,25.47,0.0997,0.08405,0.2852,0
0.1724,0.06081,0.2406,0.7394,0.005706,0.02297,0.01493,0.01454,19.85,0.1316,0.1599,0.2691,0
0.1473,0.0558,0.25,0.7574,0.002838,0.01592,0.005828,0.01329,22.46,0.09711,0.06019,0.235,0
0.254,0.06087,0.4202,1.322,0.007017,0.01142,0.01153,0.02951,24.11,0.1297,0.06296,0.3196,0
0.2222,0.08261,0.1935,1.962,0.01243,0.05416,0.01022,0.02309,29.72,0.163,0.07879,0.3322,0
0.2548,0.09296,0.8245,2.664,0.01097,0.09586,0.05279,0.03546,19.49,0.1292,0.1571,0.3108,0
0.183,0.06105,0.2251,0.7815,0.009019,0.008985,0.008232,0.02388,16.3,0.1341,0.05506,0.2859,0
0.1822,0.06207,0.271,0.7927,0.008584,0.02017,0.009536,0.02769,20.5,0.1478,0.09722,0.3849,0
0.197,0.06228,0.22,0.9823,0.005518,0.01562,0.007924,0.01799,25.22,0.1217,0.08211,0.3113,0
0.1971,0.06166,0.8113,1.4,0.009037,0.04954,0.01841,0.01778,25.11,0.1418,0.1515,0.2463,1
0.1844,0.05268,0.4789,2.06,0.003443,0.02661,0.0111,0.0152,28.07,0.08774,0.08436,0.2527,0
0.159,0.05907,0.1822,0.7285,0.005528,0.009789,0.006273,0.01465,18.41,0.1275,0.07025,0.2514,0
0.1442,0.05743,0.2818,0.7614,0.006142,0.006134,0.003576,0.01637,18.2,0.1171,0.03953,0.2738,0
0.1993,0.06453,0.5018,1.693,0.009433,0.02405,0.01152,0.03397,26.21,0.1358,0.07909,0.3168,0
0.1741,0.05176,1.0,0.6336,0.009406,0.03055,0.02794,0.03156,17.81,0.1124,0.1777,0.2443,1
0.2027,0.06082,0.7364,1.048,0.004057,0.02277,0.01303,0.01686,26.39,0.1438,0.2247,0.3643,1
0.1551,0.06761,0.2949,1.656,0.01134,0.03175,0.01135,0.01879,28.68,0.1452,0.08194,0.2268,0
0.1801,0.05553,0.6642,0.8561,0.00491,0.02544,0.01623,0.01956,28.22,0.1228,0.2346,0.3589,1
0.1515,0.05266,0.184,1.065,0.003634,0.007983,0.006432,0.01924,25.82,0.1045,0.05754,0.2646,0
0.1381,0.064,0.1728,0.4064,0.007809,0.009816,0.005344,0.01254,12.02,0.1436,0.04603,0.209,0
0.1893,0.05534,0.599,1.391,0.006123,0.0247,0.01604,0.02091,26.3,0.1168,0.1474,0.281,1
0.1538,0.06365,1.088,1.41,0.006174,0.03634,0.01569,0.01145,32.33,0.1376,0.1721,0.216,1
0.178,0.0565,0.2713,1.217,0.00508,0.0137,0.009073,0.0135,23.0,0.1216,0.08485,0.2404,0
0.1959,0.05955,0.236,0.6656,0.008045,0.0118,0.01241,0.01924,15.64,0.1385,0.09391,0.2827,0
0.1598,0.05671,0.4697,1.147,0.006003,0.01063,0.009443,0.0152,29.87,0.1401,0.116,0.2884,1
0.1966,0.07069,0.4209,0.6583,0.005393,0.02321,0.0132,0.01792,17.04,0.1531,0.1827,0.3216,1
0.1566,0.06669,0.2073,1.805,0.01496,0.02121,0.01583,0.03082,16.82,0.1216,0.04306,0.1902,0
0.1928,0.05975,0.3309,1.925,0.008713,0.01017,0.0,0.03265,19.2,0.1076,0.0,0.271,0
0.1722,0.06724,0.2204,0.7873,0.009172,0.008007,0.0,0.02711,17.04,0.1162,0.0,0.2592,0
0.1669,0.08116,0.4311,2.261,0.01286,0.08808,0.0246,0.0388,24.39,0.1301,0.0991,0.2614,0
0.1794,0.06323,0.3037,1.284,0.006627,0.04094,0.01813,0.01682,28.45,0.1415,0.2035,0.3054,1
0.1395,0.05234,0.1731,1.142,0.003418,0.002252,0.001852,0.01613,29.02,0.08125,0.009259,0.2295,0
0.1466,0.06133,0.2889,0.9899,0.008534,0.006364,0.007408,0.01065,16.15,0.1162,0.0399,0.1783,0
0.18,0.0577,0.8361,1.481,0.004631,0.02537,0.01241,0.01575,32.85,0.1472,0.2688,0.2856,1
0.2395,0.07398,0.6298,0.7629,0.004253,0.04759,0.01567,0.01798,33.48,0.1491,0.2903,0.4098,1
0.1618,0.05549,0.3699,1.15,0.004626,0.02263,0.009767,0.01547,32.82,0.1414,0.1541,0.3437,1
0.1167,0.06217,0.3344,1.108,0.007356,0.03728,0.01712,0.02165,17.7,0.1121,0.06296,0.1811,0
0.1727,0.06317,0.2054,0.4956,0.00329,0.01395,0.006009,0.01172,28.03,0.1301,0.1226,0.3175,1
0.1703,0.06048,0.4245,1.268,0.01439,0.012,0.002404,0.02538,21.18,0.1521,0.01042,0.2933,0
0.1621,0.05425,0.2577,0.4757,0.002866,0.009181,0.006719,0.01069,26.36,0.1234,0.1571,0.3206,1
0.1516,0.06095,0.2451,0.7655,0.006905,0.008704,0.01185,0.01897,21.39,0.1323,0.1099,0.2572,0
0.1718,0.0578,0.1859,1.926,0.007831,0.008776,0.00624,0.03139,26.48,0.1356,0.04306,0.32,0
0.1667,0.05474,0.2382,0.8355,0.005996,0.02212,0.006433,0.02025,19.59,0.1096,0.04815,0.2482,0
0.2384,0.07542,0.286,2.11,0.00797,0.1354,0.01666,0.05113,37.18,0.1533,0.1772,0.5166,1
0.1694,0.06287,0.7311,1.748,0.004571,0.0179,0.01757,0.03373,23.5,0.09388,0.04773,0.2179,0
0.1653,0.06447,0.3539,4.885,0.001713,0.006736,0.0,0.03799,20.83,0.07117,0.0,0.1909,0
0.1943,0.06937,0.4053,1.809,0.009098,0.03845,0.01321,0.01878,39.34,0.1785,0.1459,0.3215,1
0.1737,0.06672,0.2796,0.9622,0.008081,0.05122,0.01883,0.02545,27.78,0.1316,0.1727,0.3,1
0.1829,0.05667,0.1942,0.9086,0.005298,0.01587,0.00842,0.01853,22.0,0.1097,0.08235,0.3024,0
0.1834,0.06877,0.6191,2.112,0.0138,0.03348,0.0206,0.02689,34.01,0.1737,0.1673,0.308,1
0.177,0.0534,0.6362,1.305,0.00553,0.05296,0.01444,0.0214,24.7,0.08822,0.09181,0.2369,1
0.1767,0.05529,0.4357,1.073,0.005524,0.03698,0.01221,0.01415,32.06,0.1322,0.1708,0.3193,1
0.195,0.06466,0.2092,0.6509,0.004044,0.01597,0.007303,0.01522,30.12,0.1552,0.1838,0.4753,1
0.1979,0.06013,0.3534,1.326,0.007514,0.01779,0.0114,0.01503,28.36,0.1429,0.108,0.2668,0
0.1506,0.05491,0.3971,0.8282,0.00609,0.02569,0.01345,0.01594,25.84,0.1381,0.1939,0.2928,1
0.22,0.06229,0.5539,1.56,0.009327,0.05121,0.02465,0.02175,32.68,0.1536,0.2733,0.3198,1
0.2251,0.07421,0.5648,1.93,0.008824,0.03108,0.01291,0.01998,41.85,0.2226,0.2013,0.4432,1
0.1925,0.06373,0.3961,1.044,0.006953,0.01911,0.01037,0.01782,24.64,0.1426,0.1015,0.3014,0
0.1594,0.05986,0.2711,0.3621,0.005472,0.01919,0.00826,0.01523,20.24,0.1491,0.1252,0.3415,1
0.1934,0.06285,0.2137,1.342,0.009719,0.01249,0.007527,0.0221,23.22,0.1415,0.05588,0.2989,0
0.2026,0.05223,0.5858,0.8554,0.005038,0.01503,0.01123,0.02294,25.05,0.1111,0.1096,0.3275,1
0.185,0.0731,0.1931,0.9223,0.005251,0.03041,0.008304,0.02514,29.16,0.1349,0.1126,0.4128,0
0.1359,0.05526,0.2134,0.3628,0.004291,0.01236,0.007373,0.009539,15.92,0.1222,0.1035,0.232,0
0.1765,0.05024,0.8601,1.48,0.008124,0.03611,0.02765,0.03176,27.84,0.1178,0.192,0.2909,1
0.1533,0.06057,0.2222,0.8652,0.005517,0.01727,0.006747,0.01616,24.99,0.128,0.06913,0.2535,0
0.1648,0.05525,2.873,1.476,0.01345,0.02772,0.01407,0.04783,18.47,0.1142,0.1595,0.1648,1
0.1308,0.05866,0.5296,1.667,0.03113,0.08555,0.03927,0.02175,28.07,0.1243,0.1099,0.1603,1
0.2235,0.06433,0.4207,1.845,0.01088,0.0371,0.01627,0.04499,34.85,0.1559,0.1772,0.4724,1
0.2106,0.06916,0.2563,1.194,0.00596,0.03438,0.01435,0.01939,26.93,0.146,0.1654,0.363,1
0.1967,0.06314,0.2963,1.563,0.008872,0.04192,0.01785,0.02793,27.1,0.1405,0.1138,0.3397,0
0.1964,0.06315,0.3567,1.922,0.00468,0.0312,0.01071,0.0256,24.47,0.09527,0.03571,0.2868,0
0.2094,0.05581,0.9553,1.186,0.006804,0.03169,0.01712,0.01897,28.64,0.1353,0.182,0.307,1
0.1428,0.05313,0.7392,1.321,0.005539,0.02644,0.01078,0.01332,45.41,0.1408,0.1625,0.2713,1
0.136,0.06344,0.2102,0.4336,0.004133,0.01695,0.006659,0.01371,16.35,0.1311,0.08056,0.238,0
0.1962,0.06303,0.2569,0.4981,0.005851,0.02314,0.00836,0.01842,17.13,0.1376,0.0909,0.3065,0
0.191,0.06908,0.2467,1.217,0.007899,0.014,0.007624,0.02637,22.84,0.1406,0.05575,0.3055,0
0.1935,0.06303,0.3473,0.9209,0.004766,0.02374,0.008637,0.01772,30.29,0.1552,0.1479,0.3993,1
0.1496,0.05674,0.2927,0.8907,0.006032,0.01104,0.009057,0.01482,23.6,0.1276,0.09678,0.2506,0
0.2075,0.05448,0.522,0.8121,0.007089,0.01428,0.01286,0.02266,16.9,0.1297,0.1087,0.3062,0
0.1788,0.0645,0.1913,0.9027,0.006513,0.008061,0.004972,0.01502,19.8,0.1341,0.04464,0.2615,0
0.1881,0.05907,0.2318,0.4966,0.004119,0.03207,0.01155,0.01391,19.31,0.1136,0.1379,0.2954,0
0.1514,0.06019,0.2449,1.066,0.005169,0.02294,0.008691,0.01365,31.31,0.1227,0.118,0.2826,0
0.2123,0.07254,0.3061,1.069,0.006983,0.03858,0.01499,0.0168,30.15,0.1777,0.1977,0.3407,1
0.2131,0.06325,0.2959,0.679,0.005532,0.02008,0.01384,0.01177,24.89,0.1703,0.2543,0.3109,1
0.1869,0.05628,0.121,0.8927,0.003653,0.01647,0.003125,0.01537,33.75,0.09203,0.02083,0.2849,0
0.1845,0.05828,0.2239,1.647,0.004359,0.006813,0.003419,0.01916,41.78,0.09994,0.03002,0.2911,0
0.1448,0.05592,0.524,1.189,0.00502,0.02062,0.01091,0.01298,37.38,0.1223,0.1563,0.2437,1
0.1551,0.06403,0.2152,0.8301,0.01164,0.0104,0.009623,0.02383,19.16,0.1504,0.07222,0.2757,0
0.1517,0.05835,0.2589,1.503,0.007389,0.01383,0.01004,0.01263,30.28,0.1287,0.07963,0.2226,0
0.1909,0.06309,1.058,0.9635,0.006428,0.02863,0.01716,0.0159,34.51,0.1481,0.2593,0.3103,1
0.1467,0.05177,0.6874,1.041,0.007959,0.03133,0.01671,0.01341,26.17,0.1228,0.1445,0.2238,1
0.1342,0.06129,0.3354,2.324,0.006307,0.02845,0.01011,0.01185,40.54,0.1081,0.08219,0.189,0
0.1809,0.05966,0.5366,0.8561,0.00486,0.02785,0.01374,0.01226,44.87,0.1365,0.2066,0.2853,1
0.1717,0.0566,0.3242,0.6612,0.00647,0.01248,0.01103,0.01898,19.05,0.1278,0.09222,0.253,0
0.1546,0.05754,0.1153,0.6745,0.003265,0.00493,0.003762,0.0172,20.37,0.1037,0.04052,0.2901,0
0.2054,0.07669,0.2428,1.642,0.006663,0.05914,0.01314,0.01995,27.96,0.1347,0.1218,0.3308,0
0.1773,0.05429,0.4347,1.057,0.004351,0.02667,0.01007,0.02598,26.34,0.09368,0.06106,0.2663,0
0.1978,0.06,0.5243,1.802,0.01061,0.03252,0.01559,0.02186,30.53,0.1463,0.1564,0.292,1
0.1737,0.0644,0.3719,2.612,0.01604,0.01386,0.01133,0.03476,29.46,0.1515,0.06736,0.2883,0
0.1487,0.05635,0.163,1.601,0.006261,0.01569,0.005383,0.01962,27.82,0.1101,0.0497,0.2767,0
0.1596,0.06409,0.2025,0.4402,0.005501,0.05592,0.0137,0.01266,17.7,0.1254,0.1561,0.2639,0
0.1897,0.06329,0.2497,1.493,0.007189,0.01035,0.006245,0.02158,35.19,0.1499,0.06136,0.3409,0
0.1883,0.06168,0.2562,1.038,0.006662,0.01228,0.01006,0.01677,21.19,0.1389,0.09608,0.2664,0
0.2205,0.05898,1.004,0.8208,0.005283,0.03908,0.01864,0.02401,27.0,0.1211,0.2105,0.3126,1
0.1834,0.05934,0.3927,0.8429,0.00638,0.01065,0.009175,0.02292,22.46,0.1183,0.06544,0.274,0
0.1733,0.06697,0.7661,0.78,0.008482,0.05057,0.01971,0.01467,25.59,0.171,0.2507,0.2749,1
0.1813,0.05613,0.3093,0.8568,0.004757,0.01503,0.01262,0.01394,25.09,0.1416,0.1857,0.3138,1
0.1776,0.05647,0.5959,0.6342,0.004649,0.018,0.01267,0.01365,24.57,0.1497,0.1999,0.3379,1
0.1908,0.0613,0.425,0.8098,0.006351,0.02679,0.01342,0.02062,22.07,0.1512,0.1374,0.3068,1
0.1893,0.06232,0.8426,1.199,0.006356,0.04765,0.01519,0.01936,36.27,0.1281,0.1941,0.2818,1
0.2398,0.07596,0.6592,1.059,0.01015,0.04588,0.02127,0.01884,22.66,0.1765,0.2229,0.3258,1
0.2495,0.08104,1.292,2.454,0.01236,0.05995,0.03024,0.02337,31.64,0.1504,0.2462,0.3277,1
0.2091,0.0665,0.2419,1.278,0.005345,0.02556,0.01022,0.009947,49.54,0.1883,0.2014,0.3512,1
0.1814,0.05572,0.3977,1.033,0.005043,0.01578,0.008185,0.01282,39.16,0.1522,0.1697,0.3151,1
0.1564,0.05307,0.4007,1.317,0.005726,0.01106,0.007671,0.01411,31.47,0.124,0.08235,0.2452,1
0.2108,0.05464,0.8348,1.633,0.006717,0.05981,0.02149,0.02747,27.24,0.1134,0.1528,0.3067,1
0.1547,0.05443,0.2298,0.9988,0.002826,0.009105,0.005174,0.01013,31.67,0.1084,0.08568,0.2683,1
0.1867,0.0558,0.4203,0.7383,0.004493,0.01206,0.009875,0.01144,29.33,0.1558,0.1984,0.3216,1
0.1769,0.05674,1.172,1.617,0.004551,0.01478,0.00928,0.01367,47.16,0.1401,0.1659,0.2868,1
0.1922,0.06491,0.4505,1.197,0.00747,0.03581,0.01365,0.03504,22.94,0.1213,0.07926,0.294,0
0.1635,0.05859,0.338,1.916,0.005436,0.02406,0.009919,0.0203,30.04,0.1005,0.06189,0.2446,0
0.201,0.05769,0.2345,1.219,0.005518,0.02178,0.00633,0.02593,23.64,0.1256,0.0578,0.3604,0
0.1668,0.06862,0.3198,1.489,0.008902,0.04785,0.01745,0.02728,25.21,0.1335,0.086,0.2605,0
0.1508,0.05376,0.1302,0.7198,0.003492,0.00371,0.003608,0.01536,20.65,0.08567,0.03333,0.2458,0
0.1769,0.0627,0.1904,0.5293,0.006472,0.01122,0.008849,0.01692,16.18,0.1358,0.0875,0.2733,0
0.1721,0.06194,1.167,1.352,0.005687,0.0496,0.01561,0.01924,28.18,0.1272,0.1841,0.2833,1
0.2081,0.06312,0.2684,1.409,0.0138,0.01067,0.009472,0.01798,20.88,0.1467,0.05159,0.2841,0
0.1538,0.0551,0.4212,1.433,0.005444,0.01169,0.008522,0.01419,34.69,0.1315,0.1136,0.2504,1
0.2015,0.05875,0.6412,2.293,0.01418,0.01489,0.0191,0.02678,18.99,0.1359,0.08946,0.222,0
0.1954,0.05821,0.2375,1.28,0.008426,0.008998,0.003333,0.02358,18.99,0.1259,0.01111,0.2758,0
0.155,0.04996,0.3283,0.828,0.007571,0.01114,0.01463,0.0193,24.3,0.1243,0.1294,0.2567,1
0.1573,0.0552,0.258,1.166,0.003741,0.005274,0.005044,0.01344,26.1,0.105,0.05185,0.2335,0
0.211,0.05853,0.2479,0.9195,0.004235,0.01541,0.01043,0.01528,21.74,0.1185,0.09993,0.2955,0
0.1902,0.0622,0.6361,1.001,0.007392,0.02449,0.01293,0.01435,35.9,0.1782,0.1872,0.3258,1
0.2101,0.06113,0.5619,1.268,0.008034,0.01442,0.01846,0.02921,18.26,0.1036,0.0829,0.3101,0
0.1893,0.05892,0.4709,0.9951,0.005654,0.02199,0.01499,0.01623,28.65,0.1518,0.2252,0.359,1
0.1876,0.06684,0.2873,0.9173,0.004563,0.03481,0.01209,0.01388,25.09,0.1365,0.1732,0.277,1
0.1432,0.05935,0.2913,1.389,0.006418,0.03961,0.01774,0.01878,19.69,0.09926,0.1017,0.1999,0
0.1697,0.05855,0.2719,1.35,0.006383,0.008008,0.002924,0.02571,23.08,0.1038,0.008772,0.2505,0
0.1588,0.06766,0.2742,1.39,0.006719,0.05156,0.01633,0.01872,27.29,0.1116,0.1155,0.2465,0
0.1337,0.05581,0.1532,0.469,0.004731,0.01345,0.005905,0.01619,15.54,0.09616,0.05366,0.2309,0
0.2595,0.06233,0.4866,1.905,0.01574,0.08262,0.03487,0.03418,22.33,0.1028,0.09314,0.2955,0
0.2013,0.05955,0.2656,1.974,0.006538,0.01395,0.009924,0.03416,26.14,0.1118,0.06203,0.3267,0
0.1714,0.07192,0.8811,1.77,0.007762,0.1064,0.02771,0.04077,22.13,0.09983,0.1021,0.2272,0
0.1879,0.05852,0.2877,0.948,0.005332,0.02115,0.01187,0.01522,26.19,0.1313,0.1489,0.2962,0
0.173,0.0647,0.2094,0.7636,0.008725,0.02003,0.01132,0.02625,19.93,0.1483,0.1056,0.338,0
0.1875,0.05715,0.207,1.238,0.007595,0.015,0.008578,0.01792,25.75,0.1369,0.0914,0.3101,0
0.1638,0.061,0.1807,0.6931,0.006064,0.0118,0.007978,0.01374,17.48,0.1298,0.06343,0.2369,0
0.1592,0.05912,0.2191,0.6946,0.004348,0.008153,0.006829,0.02154,16.93,0.117,0.05802,0.2823,0
0.1449,0.06031,0.1753,1.027,0.003478,0.01221,0.009393,0.02941,14.82,0.09312,0.03194,0.2143,0
0.1619,0.06287,0.645,2.105,0.005596,0.01005,0.01432,0.01575,23.39,0.1137,0.0716,0.1978,1
0.1635,0.05586,0.23,0.669,0.003169,0.01377,0.005243,0.01103,25.26,0.09445,0.0753,0.2636,0
0.1695,0.06556,0.2868,1.143,0.01017,0.01443,0.0125,0.03464,24.22,0.1143,0.03125,0.2227,0
0.1792,0.06552,1.111,1.161,0.006056,0.03203,0.01733,0.01884,26.24,0.1495,0.198,0.2968,1
0.1781,0.06249,0.3642,1.04,0.00653,0.03369,0.01403,0.0274,23.07,0.105,0.07625,0.2685,0
0.2249,0.07469,1.072,1.743,0.007964,0.04732,0.01936,0.02736,29.43,0.1347,0.1923,0.3294,1
0.1482,0.066,0.1485,1.563,0.008875,0.009362,0.009199,0.01791,24.54,0.1413,0.06528,0.2213,0
0.1411,0.06243,0.3278,1.059,0.006652,0.02652,0.007807,0.01894,21.61,0.1144,0.05509,0.2208,0
0.1935,0.05878,0.2512,1.786,0.006122,0.02337,0.006998,0.03194,31.62,0.09545,0.04815,0.3244,0
0.1632,0.05894,0.1903,0.5735,0.003632,0.007861,0.002386,0.01344,20.45,0.1128,0.025,0.2651,0
0.1788,0.06833,0.1746,1.305,0.007389,0.004883,0.003472,0.02701,20.07,0.09861,0.01389,0.2991,0
0.1365,0.05335,0.2244,0.6864,0.003338,0.003746,0.003242,0.0148,16.94,0.09023,0.0221,0.2267,0
0.1453,0.05518,0.3975,0.8285,0.004148,0.004711,0.004821,0.01422,17.4,0.1016,0.03532,0.2107,0
0.1936,0.06128,0.1601,1.43,0.006064,0.00911,0.007638,0.02349,26.55,0.1223,0.05741,0.3487,0
0.1632,0.05255,0.316,0.9115,0.005031,0.006021,0.006324,0.01494,21.75,0.1011,0.05813,0.253,0
0.1601,0.0614,0.3265,0.6594,0.006494,0.02768,0.01069,0.01731,16.4,0.1194,0.08411,0.2564,0
0.1833,0.061,0.1312,0.3602,0.004124,0.0134,0.004667,0.02032,12.87,0.1092,0.04715,0.339,0
0.2163,0.07359,0.3368,2.777,0.02075,0.01403,0.0,0.06146,22.44,0.1347,0.0,0.3142,0
0.1215,0.05673,0.1716,0.7151,0.004928,0.003012,0.00339,0.01393,19.71,0.1104,0.02784,0.1917,0
0.1673,0.05649,0.2113,0.5996,0.005343,0.005767,0.005051,0.01977,16.47,0.1001,0.01852,0.2293,0
0.1807,0.05664,0.4041,0.5503,0.004821,0.01659,0.01143,0.01275,25.0,0.1434,0.1776,0.2812,1
0.233,0.08743,0.4653,1.911,0.009845,0.0659,0.02527,0.03491,23.4,0.1221,0.1145,0.3135,0
0.1472,0.05561,0.3778,2.2,0.007357,0.01079,0.0112,0.03433,20.21,0.08409,0.02832,0.1901,0
0.1743,0.07279,0.3677,1.471,0.01049,0.04265,0.01544,0.02719,20.61,0.1402,0.09744,0.2608,0
0.1928,0.05096,0.5925,0.6863,0.004536,0.01376,0.01247,0.02193,23.03,0.1054,0.1425,0.3055,1
0.1543,0.06476,0.2212,1.042,0.00591,0.02016,0.01011,0.01202,21.08,0.1547,0.1155,0.2382,0
0.2569,0.0667,0.5702,1.023,0.005485,0.02431,0.01369,0.02768,31.86,0.1592,0.2685,0.5558,1
0.1638,0.06129,0.2575,0.8073,0.005403,0.01418,0.005142,0.01333,21.38,0.1256,0.05556,0.2661,0
0.1707,0.05984,0.21,0.9505,0.006809,0.009514,0.006474,0.02057,21.1,0.1384,0.05602,0.2688,0
0.1373,0.057,0.2571,1.081,0.006692,0.01132,0.006627,0.01416,18.0,0.1281,0.0589,0.21,0
0.1382,0.0607,0.2335,0.9097,0.004729,0.006887,0.003951,0.01466,22.25,0.1013,0.02796,0.2171,0
0.1948,0.06277,0.4375,1.232,0.006697,0.02083,0.01392,0.01536,30.38,0.159,0.1583,0.3103,1
0.1869,0.06532,0.5706,1.457,0.01056,0.03756,0.01186,0.04022,25.21,0.1426,0.1047,0.2736,1
0.1782,0.05976,0.3371,0.7476,0.005839,0.03245,0.01459,0.01467,21.98,0.1435,0.1981,0.3019,1
0.1761,0.0654,0.2684,0.5664,0.005727,0.03255,0.009811,0.02751,21.95,0.1288,0.09858,0.3596,0
0.194,0.06028,0.2976,1.966,0.01289,0.01104,0.004967,0.04243,25.78,0.1424,0.02022,0.3292,0
0.1773,0.06081,0.2144,0.9961,0.005617,0.007124,0.002941,0.017,22.06,0.1166,0.01667,0.2815,0
0.1539,0.05945,0.184,1.532,0.007881,0.008432,0.006522,0.01939,28.46,0.1222,0.03983,0.2554,0
0.1727,0.06071,0.8161,2.129,0.006455,0.01797,0.01744,0.01829,33.15,0.1449,0.1827,0.2623,1
0.1652,0.07238,0.1814,0.6412,0.005231,0.02305,0.007315,0.01639,16.91,0.1142,0.0585,0.2432,0
0.1953,0.06083,0.6422,1.53,0.007548,0.03897,0.01816,0.02168,34.37,0.1498,0.2048,0.3679,1
0.189,0.06331,0.2619,2.015,0.007803,0.01449,0.008043,0.021,26.84,0.1402,0.06499,0.2894,0
0.1797,0.05506,1.009,0.9245,0.006292,0.01971,0.01301,0.01479,30.73,0.1515,0.2089,0.2593,1
0.1912,0.06412,0.3491,0.7706,0.004577,0.03053,0.01243,0.01873,21.51,0.1294,0.1414,0.3053,0
0.2036,0.07125,0.1844,0.9429,0.005954,0.03471,0.00851,0.0175,23.07,0.1233,0.0812,0.2982,0
0.1776,0.06907,0.1601,0.8225,0.007416,0.01877,0.0101,0.02348,19.9,0.1418,0.1075,0.3301,0
0.2082,0.05715,0.6226,2.284,0.004756,0.03368,0.01806,0.03756,34.66,0.1218,0.2255,0.4045,1
0.2009,0.06506,0.3446,0.7395,0.009536,0.01097,0.01121,0.01953,18.16,0.146,0.07864,0.2765,0
0.1633,0.07005,0.338,2.509,0.01736,0.04671,0.01296,0.03675,19.48,0.136,0.04074,0.2434,0
0.1555,0.06048,0.243,1.152,0.00718,0.01096,0.005495,0.01982,27.06,0.1289,0.05093,0.288,0
0.1521,0.05912,0.3428,0.3981,0.004732,0.01506,0.01067,0.02163,17.93,0.122,0.1251,0.3109,0
0.1634,0.06372,0.1707,0.7615,0.009191,0.008548,0.006315,0.01755,20.79,0.1531,0.06548,0.2851,0
0.2459,0.06581,0.361,1.05,0.0058,0.02417,0.01052,0.02734,17.72,0.1293,0.04766,0.3124,0
0.1671,0.05731,0.3534,0.6724,0.006583,0.006991,0.006296,0.02216,19.74,0.09958,0.04262,0.2731,0
0.2375,0.07603,0.5204,1.324,0.009329,0.06559,0.02283,0.05543,24.17,0.155,0.2135,0.4245,1
0.1956,0.06121,0.9948,0.8509,0.006369,0.04243,0.01508,0.02335,23.58,0.153,0.2756,0.369,1
0.1647,0.06464,0.6534,1.506,0.01052,0.02431,0.01746,0.0212,33.22,0.166,0.1526,0.2654,1
0.169,0.06083,0.4222,0.8092,0.005541,0.03387,0.01471,0.03102,15.82,0.08864,0.03922,0.2576,0
0.1533,0.06184,0.3602,1.478,0.009853,0.04235,0.01966,0.02639,22.43,0.1096,0.09265,0.2121,0
0.2035,0.06501,0.3106,1.51,0.007807,0.03932,0.01876,0.0286,24.85,0.1343,0.1258,0.3113,0
0.1424,0.05883,0.2543,1.363,0.005638,0.007939,0.006042,0.01544,25.58,0.1153,0.05556,0.2362,0
0.193,0.06621,0.5381,1.2,0.01093,0.02899,0.01506,0.02837,17.7,0.1015,0.04762,0.2434,0
0.1506,0.06959,0.5079,1.247,0.006836,0.008982,0.006565,0.01942,25.02,0.1333,0.05052,0.2454,0
0.1528,0.05185,0.3511,0.9527,0.005783,0.004693,0.003617,0.02043,20.98,0.09293,0.01635,0.2233,0
0.1815,0.05696,0.2621,1.539,0.005498,0.02045,0.006399,0.01829,29.2,0.114,0.05614,0.2637,0
0.1759,0.06183,0.2213,1.285,0.005608,0.01646,0.009997,0.01909,25.99,0.1298,0.08312,0.2744,0
0.1495,0.05593,0.3389,1.439,0.007257,0.01805,0.01033,0.01694,25.45,0.1338,0.09123,0.2394,0
0.165,0.05701,0.1584,0.6124,0.004394,0.0125,0.005484,0.01291,21.7,0.1213,0.06987,0.2741,0
0.1618,0.05557,0.5781,0.9168,0.006208,0.01906,0.01461,0.01445,26.37,0.1327,0.1765,0.2609,1
0.1875,0.0602,0.9761,1.892,0.008439,0.04674,0.02536,0.0371,33.81,0.1278,0.2152,0.3271,1
0.1695,0.05916,0.2527,0.7786,0.005833,0.01388,0.007087,0.01938,24.04,0.1368,0.08829,0.3218,0
0.1717,0.05054,1.207,1.051,0.005568,0.01112,0.01197,0.01263,26.44,0.1363,0.182,0.251,1
0.1824,0.0614,1.008,0.6999,0.003978,0.02821,0.01471,0.01518,25.8,0.1294,0.2432,0.2741,1
0.2175,0.06218,0.4312,1.022,0.005635,0.03917,0.01656,0.03197,31.03,0.1415,0.2248,0.4824,1
0.1721,0.05544,0.1783,0.4125,0.005012,0.01485,0.009155,0.01647,15.73,0.1126,0.08178,0.2487,0
0.1973,0.06183,0.3414,1.309,0.004426,0.02675,0.01343,0.01675,21.84,0.1192,0.1966,0.273,1
0.1571,0.05478,0.6137,0.6575,0.006211,0.01895,0.01232,0.01276,23.17,0.1562,0.2112,0.2689,1
0.1872,0.05669,0.1705,0.5066,0.00423,0.01587,0.006335,0.01943,20.21,0.1105,0.06987,0.3323,0
0.199,0.06572,0.1745,0.489,0.00451,0.01812,0.01196,0.01934,19.14,0.1235,0.1251,0.3153,0
0.2188,0.0845,0.1115,1.231,0.008499,0.07643,0.02919,0.01617,22.82,0.1143,0.1465,0.2597,0
0.1421,0.05763,0.1689,1.15,0.004942,0.01203,0.005179,0.01442,35.63,0.1108,0.05781,0.2694,0
0.1792,0.05897,0.1402,0.5417,0.005212,0.02984,0.008356,0.01818,19.64,0.1275,0.1054,0.3387,0
0.2196,0.0795,0.2114,1.027,0.007405,0.04549,0.01339,0.01738,32.82,0.2184,0.2524,0.4154,1
0.2018,0.06914,0.2562,0.9858,0.006635,0.01777,0.01164,0.02108,20.53,0.161,0.1318,0.3343,0
0.2003,0.06246,0.1642,1.031,0.005296,0.01903,0.00696,0.0188,20.83,0.1095,0.06754,0.3202,0
0.1203,0.06659,0.1194,1.434,0.005042,0.0456,0.01667,0.0247,28.71,0.08799,0.1092,0.2191,0
0.1779,0.06588,0.2608,0.873,0.006715,0.03705,0.01051,0.01838,23.13,0.1427,0.09804,0.2819,0
0.1617,0.05594,0.1833,0.5308,0.004271,0.02073,0.008468,0.01461,17.37,0.1166,0.09173,0.2736,0
0.1627,0.05416,0.4157,1.627,0.008312,0.01742,0.01576,0.0174,31.71,0.1312,0.1359,0.2477,1
0.1646,0.06154,0.2666,0.8309,0.004405,0.03026,0.01087,0.01921,19.29,0.1026,0.0914,0.2677,0
0.1607,0.05474,0.2541,0.6218,0.003728,0.01415,0.007016,0.01647,19.97,0.08484,0.04537,0.2542,0
0.181,0.07252,0.3305,1.067,0.01038,0.06669,0.02047,0.01219,18.93,0.1102,0.08272,0.2157,0
0.1989,0.05884,0.6107,2.836,0.01124,0.04097,0.03441,0.02768,30.44,0.1251,0.1825,0.2576,1
0.18,0.06569,0.1911,0.5477,0.005682,0.01365,0.006929,0.01938,15.65,0.1343,0.06696,0.2937,0
0.1985,0.07098,0.5169,2.079,0.01582,0.01966,0.0,0.01865,22.8,0.146,0.0,0.2445,0
0.1929,0.06744,0.647,1.331,0.007269,0.02928,0.01639,0.01852,29.41,0.1681,0.2121,0.3187,1
0.2162,0.06606,0.6242,0.9209,0.005215,0.03726,0.01288,0.02045,28.74,0.1502,0.2422,0.3828,1
0.1937,0.06161,0.2841,1.652,0.008146,0.01631,0.007513,0.02015,25.8,0.1432,0.06266,0.3049,0
0.1641,0.05764,0.1504,1.685,0.005371,0.01273,0.009155,0.01719,25.34,0.1066,0.07911,0.2523,0
0.1806,0.06079,0.2136,1.332,0.005442,0.01957,0.01367,0.01315,27.2,0.1428,0.1453,0.2666,0
0.1574,0.0575,0.3639,1.265,0.005421,0.03477,0.01384,0.01869,21.06,0.09534,0.08296,0.1988,0
0.1535,0.06214,0.1855,0.6881,0.004259,0.01469,0.004168,0.01191,20.35,0.112,0.05556,0.259,0
0.1847,0.06019,0.3438,1.14,0.005463,0.01964,0.005398,0.01477,24.49,0.1244,0.05356,0.2779,0
0.2113,0.07115,0.403,0.7747,0.007159,0.03718,0.01051,0.01591,27.78,0.1873,0.1964,0.3245,1
0.1601,0.05541,0.2522,1.045,0.006175,0.01204,0.005832,0.01096,20.14,0.1374,0.06876,0.246,0
0.1874,0.05899,0.2357,1.299,0.003629,0.03713,0.01065,0.02632,24.61,0.09329,0.06608,0.3207,0
0.1735,0.062,0.1458,0.905,0.002887,0.01285,0.007308,0.0187,23.02,0.1172,0.08388,0.3297,0
0.1571,0.05708,0.3833,0.9078,0.007702,0.008491,0.0103,0.0297,16.85,0.1048,0.04793,0.2298,0
0.1486,0.06615,0.3796,1.743,0.009519,0.02134,0.01155,0.02079,25.58,0.1363,0.07887,0.2251,0
0.1735,0.05875,0.2387,0.6372,0.003958,0.01246,0.008747,0.015,19.58,0.1206,0.1129,0.2778,0
0.158,0.06114,0.4993,1.798,0.006011,0.0448,0.01341,0.02669,27.01,0.09402,0.05601,0.2488,0
0.1992,0.06069,0.4537,0.8733,0.007231,0.02772,0.0148,0.01414,25.41,0.1482,0.1974,0.306,1
0.1966,0.05597,0.3342,1.781,0.005888,0.0231,0.01075,0.02578,28.88,0.124,0.09532,0.3455,0
0.1601,0.05913,0.1916,1.555,0.005391,0.009947,0.005872,0.01341,36.32,0.1453,0.08698,0.2973,0
0.1714,0.0634,0.1967,1.387,0.005158,0.009355,0.007483,0.01718,26.44,0.1369,0.07431,0.2998,0
0.1274,0.06724,0.1186,1.182,0.005515,0.02674,0.005128,0.01951,27.99,0.1086,0.02564,0.2376,0
0.1944,0.05913,0.3186,1.336,0.004449,0.02808,0.01196,0.01906,31.55,0.1077,0.1308,0.3163,0
0.1852,0.05294,0.4681,1.627,0.006831,0.01427,0.009087,0.03151,36.91,0.1148,0.06575,0.3233,1
0.2019,0.0629,0.2747,1.203,0.009895,0.03053,0.009276,0.02258,27.21,0.1426,0.08263,0.3075,0
0.2025,0.06601,0.4302,2.878,0.01474,0.01674,0.008674,0.03044,31.24,0.1526,0.0377,0.2872,0
0.2085,0.06864,1.37,1.213,0.008198,0.03889,0.02139,0.02018,27.65,0.1517,0.2134,0.3003,1
0.1583,0.06275,0.2253,0.6457,0.006131,0.01263,0.008231,0.01713,16.92,0.1314,0.08224,0.2775,0
0.1615,0.06144,0.2865,1.678,0.006908,0.009442,0.006159,0.02694,28.92,0.1282,0.04306,0.2976,0
0.2031,0.06267,0.2864,1.44,0.007278,0.02047,0.008799,0.01868,26.98,0.1249,0.06664,0.3035,0
0.2086,0.07406,0.5462,1.511,0.009976,0.05244,0.0158,0.02653,18.34,0.1312,0.1108,0.2827,0
0.1886,0.0632,0.2456,0.7339,0.005884,0.02005,0.01304,0.01848,19.67,0.1415,0.1105,0.2787,0
0.1848,0.06181,0.2244,0.895,0.00398,0.02809,0.01274,0.01581,25.5,0.1147,0.1407,0.2744,0
0.2538,0.07029,0.6965,1.747,0.01307,0.01885,0.01052,0.031,23.17,0.1398,0.04589,0.3196,0
0.163,0.06439,0.1851,1.341,0.005724,0.005697,0.003527,0.01445,28.94,0.1126,0.02579,0.2349,0
0.1925,0.06915,0.3276,1.127,0.007364,0.03867,0.01264,0.02161,21.57,0.1327,0.0931,0.302,0
0.2016,0.05977,0.3077,1.621,0.006543,0.02148,0.01045,0.01844,32.04,0.1303,0.07485,0.2965,0
0.1511,0.06148,0.1415,0.9671,0.005883,0.006263,0.006189,0.02009,20.29,0.103,0.04044,0.2383,0
0.1459,0.05544,0.2954,0.8836,0.007337,0.01174,0.005623,0.0194,20.96,0.1068,0.03612,0.2165,0
0.2041,0.06898,0.253,0.8749,0.006965,0.06213,0.02234,0.01499,27.57,0.1419,0.2475,0.2866,1
0.1811,0.07102,0.1767,1.46,0.01,0.03295,0.01167,0.02187,22.91,0.145,0.0737,0.2556,0
0.1724,0.06053,0.4331,1.001,0.009087,0.02715,0.0191,0.02451,25.07,0.1665,0.2173,0.3032,1
0.1943,0.06132,0.8191,1.931,0.008074,0.04088,0.01834,0.02383,30.93,0.139,0.1708,0.3007,1
0.1573,0.05703,0.3028,0.6683,0.005756,0.01665,0.008281,0.01551,20.54,0.1218,0.07971,0.2525,0
0.1669,0.06544,0.2208,0.9533,0.005314,0.01791,0.009567,0.01223,30.8,0.1613,0.1827,0.3179,1
0.1861,0.06347,0.3665,0.7693,0.00591,0.01362,0.006502,0.02223,24.38,0.1214,0.06384,0.3313,0
0.1714,0.05898,0.3892,1.046,0.007976,0.01295,0.009046,0.02005,21.58,0.1195,0.07453,0.2725,0
0.1555,0.05673,0.3419,1.678,0.005836,0.01095,0.007039,0.02014,28.01,0.1118,0.0589,0.2513,0
0.1589,0.05586,0.2142,0.6549,0.004837,0.009238,0.01076,0.01171,19.31,0.1034,0.08216,0.2136,0
0.1489,0.0664,0.2574,1.376,0.008565,0.04638,0.01768,0.01516,26.87,0.1391,0.1555,0.254,0
0.1467,0.05407,0.51,1.679,0.008109,0.04308,0.01742,0.01594,35.46,0.1436,0.1739,0.25,1
0.1405,0.05848,0.3563,0.4833,0.006432,0.01156,0.005657,0.01227,17.5,0.1072,0.03312,0.1859,0
0.2372,0.05768,0.1818,2.542,0.01072,0.01331,0.01111,0.01717,23.31,0.09794,0.02222,0.2699,0
0.172,0.0578,0.2986,0.5906,0.004117,0.0156,0.009753,0.01295,22.02,0.1263,0.1535,0.2842,1
0.182,0.0685,0.2623,1.204,0.00832,0.02025,0.01665,0.02094,30.36,0.1311,0.1202,0.2599,0
0.1713,0.05916,0.3897,1.077,0.004714,0.02015,0.0111,0.01237,38.54,0.1401,0.197,0.2972,1
0.1893,0.05886,0.2204,0.6221,0.004796,0.01171,0.006897,0.02254,22.74,0.1226,0.08308,0.36,0
0.1473,0.05746,0.2535,1.354,0.004147,0.02048,0.008848,0.01394,28.39,0.1089,0.09594,0.2471,0
0.1554,0.05661,0.6643,1.361,0.005467,0.02075,0.01466,0.01029,32.07,0.1368,0.228,0.2268,1
0.1349,0.06612,0.256,1.554,0.006854,0.06063,0.01553,0.02354,28.18,0.09457,0.0875,0.2305,0
0.1663,0.05391,0.4674,1.375,0.0119,0.01929,0.01499,0.01641,30.96,0.1528,0.1466,0.2293,1
0.1615,0.06104,0.1912,1.705,0.007334,0.02589,0.009166,0.01745,37.88,0.1208,0.07116,0.2447,0
0.165,0.06121,0.306,0.7213,0.006133,0.01251,0.01136,0.02207,16.93,0.1347,0.1069,0.2606,0
0.1799,0.05826,0.1692,0.6674,0.003888,0.008539,0.006888,0.01608,22.15,0.1225,0.09851,0.327,0
0.1375,0.06016,0.3408,1.924,0.005841,0.01246,0.009128,0.01564,41.61,0.1172,0.07763,0.2196,0
0.1799,0.06166,0.3135,2.426,0.009861,0.02418,0.009215,0.02475,38.81,0.1406,0.06835,0.2884,0
0.1619,0.05584,0.2084,1.35,0.005768,0.008082,0.006451,0.01347,34.23,0.1289,0.06005,0.2444,0
0.1667,0.05449,0.2621,1.232,0.006054,0.008974,0.006336,0.01215,31.88,0.1218,0.05921,0.2306,0
0.1621,0.05952,0.1781,1.687,0.006588,0.0127,0.006104,0.01574,36.92,0.111,0.04866,0.2321,0
0.1793,0.06281,0.9291,1.152,0.00874,0.02219,0.01458,0.02045,34.49,0.16,0.1555,0.301,1
0.2061,0.05623,2.547,1.306,0.00765,0.05374,0.02598,0.01697,31.37,0.1357,0.2625,0.2641,1
0.1707,0.05433,0.2315,0.9112,0.005356,0.01679,0.00637,0.01414,31.98,0.1017,0.05563,0.2345,0
0.1516,0.05859,0.1816,0.7656,0.006709,0.01701,0.007497,0.02124,24.02,0.1342,0.08288,0.321,0
0.1454,0.05549,0.2023,0.685,0.005969,0.01493,0.008463,0.01093,23.89,0.1282,0.1045,0.2235,0
0.1601,0.06432,0.281,0.8135,0.004929,0.06657,0.01368,0.01526,25.5,0.1201,0.1357,0.2845,0
0.1562,0.0602,0.3152,0.7884,0.007295,0.03179,0.01254,0.01561,25.46,0.1351,0.1181,0.2563,0
0.168,0.06412,0.3416,1.312,0.01098,0.01257,0.003934,0.02693,24.62,0.1388,0.025,0.3057,0
0.1696,0.07369,0.9289,1.465,0.006766,0.07025,0.02311,0.01673,28.87,0.1207,0.1996,0.2301,1
0.1957,0.07255,0.4101,1.74,0.01459,0.03206,0.01841,0.01807,25.4,0.178,0.1416,0.266,0
0.2238,0.06413,0.3776,1.35,0.007501,0.01989,0.009883,0.0196,25.62,0.1234,0.0656,0.3174,0
0.1854,0.05698,0.6061,2.643,0.007517,0.01555,0.01183,0.02047,33.33,0.1041,0.05547,0.2404,0
0.1687,0.05669,0.2446,0.4334,0.003271,0.0177,0.008399,0.01148,18.22,0.1065,0.1147,0.2688,0
0.1701,0.0596,0.4455,3.647,0.007339,0.008243,0.0,0.03141,38.05,0.09422,0.0,0.2409,0
0.1861,0.06837,0.1482,0.538,0.004474,0.03093,0.006691,0.01212,19.35,0.1332,0.07966,0.2581,0
0.1705,0.05913,0.1499,0.4875,0.004873,0.01796,0.00836,0.01601,19.35,0.1326,0.09783,0.3006,0
0.1506,0.06009,0.3478,1.018,0.004107,0.03288,0.0135,0.0161,27.26,0.1153,0.1339,0.2534,0
0.1813,0.05536,0.1555,0.5762,0.003308,0.01315,0.004832,0.01316,21.8,0.09384,0.06222,0.2679,0
0.1779,0.06574,0.2034,1.166,0.004957,0.02114,0.008038,0.01843,21.9,0.1352,0.07431,0.2941,0
0.2151,0.06578,0.3147,0.9857,0.009197,0.0547,0.02215,0.02773,23.05,0.1377,0.1775,0.3318,1
0.1464,0.06284,0.2194,1.19,0.004911,0.01666,0.005161,0.01454,27.87,0.1208,0.0569,0.2406,0
0.1579,0.05594,0.3316,0.9264,0.003704,0.01082,0.006275,0.01062,26.42,0.1064,0.0815,0.2356,0
0.1779,0.06639,0.1588,0.5733,0.00445,0.01452,0.008791,0.01698,18.32,0.1393,0.1335,0.3227,0
0.1732,0.06088,0.2431,0.9462,0.003245,0.008186,0.009233,0.01285,23.53,0.1199,0.09077,0.2518,0
0.1784,0.06259,0.163,0.3871,0.006034,0.0182,0.01067,0.01175,14.2,0.1541,0.1452,0.2557,0
0.2082,0.07325,0.3921,1.207,0.007234,0.07471,0.02721,0.03232,21.03,0.1175,0.1342,0.3231,0
0.1409,0.05355,0.2204,1.006,0.003535,0.01393,0.006144,0.01254,25.44,0.1142,0.07828,0.2455,0
0.1823,0.06115,0.5659,1.408,0.005288,0.02833,0.01176,0.01717,30.39,0.1514,0.206,0.3266,1
0.1853,0.06401,0.3713,1.154,0.008998,0.01292,0.01167,0.02152,21.59,0.1526,0.09815,0.2804,0
0.1846,0.05325,0.2473,0.5679,0.002667,0.01446,0.005297,0.01961,26.56,0.1009,0.08737,0.4677,1
0.1544,0.05976,0.2239,1.139,0.005096,0.01205,0.004551,0.01608,31.99,0.1256,0.06335,0.31,0
0.122,0.05243,0.4834,1.046,0.004369,0.008274,0.007437,0.01302,18.42,0.09862,0.08341,0.1783,0
0.2116,0.06077,0.7548,1.288,0.007997,0.027,0.01648,0.02897,26.06,0.1309,0.1489,0.3251,1
0.1613,0.06013,0.3276,1.486,0.01039,0.01003,0.007895,0.02869,16.36,0.09439,0.0268,0.228,0
0.1713,0.05888,0.3237,1.473,0.007802,0.02052,0.005564,0.02086,28.46,0.1118,0.04195,0.2687,0
0.1487,0.05748,0.2323,1.636,0.005415,0.01371,0.01183,0.01959,28.48,0.1216,0.1017,0.2369,0
0.1641,0.06854,0.2324,0.6332,0.005704,0.02502,0.01032,0.01759,22.15,0.1533,0.1407,0.323,0
0.1526,0.06046,0.1532,0.781,0.003796,0.01371,0.007096,0.01536,24.34,0.1276,0.1053,0.3035,0
0.1832,0.06697,0.7923,1.045,0.007974,0.03214,0.01573,0.01617,22.88,0.1412,0.1663,0.251,1
0.1848,0.06222,0.5904,1.216,0.006666,0.02791,0.01479,0.01117,30.76,0.1464,0.2113,0.248,1
0.1668,0.06869,0.372,0.8423,0.004123,0.01819,0.01004,0.01055,20.43,0.1135,0.1018,0.2177,0
0.2275,0.07237,0.4751,1.528,0.00968,0.03856,0.01616,0.02434,32.94,0.1794,0.1521,0.3651,1
0.1943,0.06612,0.2577,1.095,0.009702,0.01567,0.01161,0.02801,21.4,0.158,0.08411,0.3155,0
0.1505,0.05484,1.291,0.7452,0.005753,0.03356,0.02156,0.02201,23.87,0.1199,0.2264,0.2908,1
0.2378,0.09502,0.4076,1.093,0.009783,0.04542,0.02188,0.02542,16.38,0.1902,0.1025,0.3038,0
0.2057,0.09575,0.2744,1.39,0.02177,0.04888,0.0145,0.02632,18.04,0.2006,0.1075,0.2848,0
0.2124,0.06894,0.1811,0.7959,0.006272,0.02198,0.009894,0.0132,24.17,0.1402,0.08088,0.2709,0
0.1954,0.07976,0.1779,1.03,0.01262,0.02348,0.01285,0.0222,20.74,0.1662,0.09514,0.278,0
0.1711,0.05657,0.2067,0.4706,0.007394,0.01203,0.01431,0.01344,17.76,0.1354,0.1357,0.23,0
0.1807,0.07083,0.3331,1.961,0.009538,0.0494,0.02041,0.02105,36.33,0.1732,0.2163,0.3013,1
0.1499,0.06758,0.1924,0.6417,0.006982,0.03916,0.01528,0.0226,17.6,0.1073,0.1056,0.2604,0
0.1659,0.05348,0.2182,0.6232,0.006708,0.01197,0.01056,0.0158,17.58,0.1139,0.07955,0.2334,0
0.2116,0.07325,0.3906,0.9306,0.005414,0.02265,0.01334,0.01705,29.66,0.1574,0.2051,0.3585,1
0.1739,0.0564,0.4165,0.6237,0.004953,0.01812,0.008648,0.01539,17.24,0.1223,0.09186,0.2626,0
0.1561,0.05915,0.386,1.198,0.004952,0.0163,0.009423,0.01152,28.06,0.1246,0.112,0.2282,1
0.1927,0.06211,0.243,1.01,0.008577,0.01641,0.01107,0.02434,23.03,0.1483,0.08542,0.306,0
0.186,0.05941,0.5449,0.9225,0.006176,0.01877,0.01046,0.01559,26.2,0.1492,0.151,0.3074,1
0.1802,0.06188,0.5079,0.8737,0.005089,0.02303,0.01178,0.01057,25.23,0.1417,0.1613,0.2549,1
0.1709,0.07253,0.4426,1.169,0.005273,0.02329,0.01244,0.01816,24.37,0.1456,0.1096,0.2582,0
0.212,0.06623,0.3834,1.003,0.007509,0.01561,0.009199,0.01805,21.74,0.1475,0.08045,0.3071,0
0.2197,0.07696,0.3538,1.13,0.01546,0.0254,0.0158,0.03997,17.84,0.185,0.07262,0.3681,0
0.1991,0.06739,0.9915,0.9004,0.004989,0.03212,0.01597,0.01879,26.93,0.1342,0.2475,0.3157,1
0.1637,0.06343,0.1344,1.083,0.0042,0.0059,0.004065,0.01487,26.43,0.1108,0.02832,0.2557,0
0.1714,0.06843,0.3191,1.249,0.006739,0.02251,0.01352,0.0187,25.63,0.1425,0.1284,0.2849,0
0.1387,0.06891,0.2498,1.216,0.008732,0.02042,0.006801,0.01824,22.99,0.1419,0.06528,0.2502,0
0.1678,0.07126,0.1267,0.6793,0.007897,0.01762,0.00732,0.01592,18.45,0.1641,0.08512,0.2983,0
0.1723,0.06317,0.1998,0.6068,0.004413,0.01443,0.007369,0.01354,25.16,0.1624,0.1427,0.3518,0
0.1689,0.05808,0.1166,0.4957,0.003681,0.009169,0.00574,0.01129,19.27,0.1292,0.107,0.311,0
0.1976,0.06457,0.5461,2.635,0.01004,0.03247,0.02853,0.01715,15.38,0.1394,0.1015,0.216,0
0.1657,0.06608,0.2513,0.504,0.007327,0.01153,0.007986,0.01962,15.77,0.1521,0.07393,0.2781,0
0.1598,0.06677,0.4384,1.907,0.006587,0.01815,0.01316,0.01835,27.98,0.1349,0.101,0.2478,0
0.1859,0.06461,0.2067,0.8745,0.005251,0.01727,0.005298,0.01449,28.81,0.155,0.0812,0.3206,0
0.1631,0.06155,0.2047,0.4801,0.003828,0.007228,0.005077,0.01054,20.2,0.1264,0.08704,0.2806,0
0.2166,0.05419,0.8336,1.736,0.004938,0.03089,0.01699,0.02816,27.15,0.1097,0.1613,0.322,1
0.1619,0.06408,0.1507,1.583,0.009501,0.03378,0.01346,0.01322,26.51,0.1428,0.09861,0.2289,0
0.2127,0.06251,0.6986,0.9901,0.004578,0.02616,0.01421,0.01948,25.48,0.1268,0.2148,0.3077,1
0.1926,0.05982,0.2027,1.851,0.006113,0.02583,0.01276,0.01451,34.27,0.138,0.1362,0.2698,1
0.2131,0.07405,0.2957,1.978,0.01288,0.03495,0.01766,0.0156,32.19,0.1768,0.1308,0.2803,0
0.187,0.07285,0.3777,1.462,0.01266,0.009692,0.0,0.02882,30.92,0.1256,0.0,0.3058,0
0.2037,0.07751,0.2196,1.479,0.01547,0.06457,0.01364,0.02105,31.89,0.1596,0.05,0.279,0
0.1818,0.06782,0.2784,1.768,0.01215,0.04112,0.01494,0.0184,19.68,0.1345,0.06918,0.2329,0
0.1872,0.06341,0.2542,1.079,0.007138,0.04653,0.01162,0.02068,31.73,0.134,0.1205,0.3187,0
0.184,0.0568,0.3031,1.385,0.004775,0.01172,0.01269,0.0187,32.29,0.106,0.1095,0.2722,0
0.1628,0.05781,0.2351,1.597,0.004973,0.01372,0.009117,0.01724,37.17,0.1072,0.07958,0.2473,0
0.162,0.06688,0.272,1.047,0.006298,0.02172,0.009061,0.0149,24.75,0.1264,0.06845,0.2249,0
0.1664,0.05801,0.346,1.336,0.005868,0.02099,0.009064,0.02087,29.09,0.1216,0.07174,0.2642,0
0.1885,0.06201,0.2104,0.967,0.007086,0.007247,0.005495,0.0156,21.77,0.1285,0.02381,0.2681,0
0.1669,0.06714,0.1144,1.023,0.01027,0.03084,0.01097,0.02277,22.04,0.1461,0.08333,0.2691,0
0.158,0.06235,0.2957,1.363,0.00744,0.01123,0.009615,0.02203,25.59,0.1199,0.03846,0.2552,0
0.1976,0.06328,0.5196,1.918,0.008263,0.0187,0.005917,0.02466,31.45,0.1204,0.03264,0.3059,0
0.1661,0.05948,0.3163,1.304,0.009579,0.01104,0.0,0.03004,24.77,0.1001,0.0,0.2458,0
0.203,0.06552,0.28,1.467,0.003495,0.03051,0.01024,0.02912,28.26,0.1087,0.06413,0.3169,0
0.1539,0.05637,0.2409,1.367,0.008835,0.01233,0.009305,0.01897,36.0,0.1234,0.06498,0.2407,0
0.1692,0.06576,0.3013,1.879,0.01094,0.01834,0.01282,0.03759,25.05,0.1103,0.02564,0.2435,0
0.1566,0.05708,0.2116,1.36,0.008412,0.02153,0.00762,0.01695,35.74,0.1227,0.06493,0.2372,0
0.1593,0.06127,0.2199,2.239,0.01205,0.02736,0.01721,0.01843,34.91,0.1384,0.09127,0.2226,0
0.1791,0.06331,0.2441,2.09,0.01291,0.02222,0.007082,0.02572,22.88,0.1265,0.02232,0.2262,0
0.1742,0.06059,0.5375,2.927,0.01159,0.01124,0.0,0.03004,34.24,0.1073,0.0,0.2475,0
0.1454,0.06147,0.2254,1.108,0.004242,0.04639,0.01606,0.01638,27.27,0.1026,0.1105,0.2258,0
0.1388,0.0657,0.2388,2.904,0.0082,0.02982,0.01267,0.01488,37.16,0.1298,0.09653,0.2112,0
0.1537,0.06171,0.3645,1.492,0.007256,0.02678,0.01626,0.0208,33.17,0.1241,0.1048,0.225,0
0.106,0.05502,0.3141,3.896,0.007594,0.008878,0.0,0.01989,38.3,0.09267,0.0,0.1566,0
0.2128,0.07152,0.2602,1.205,0.004625,0.04844,0.01608,0.02137,42.79,0.1417,0.2356,0.4089,1
0.2149,0.06879,0.9622,1.026,0.006399,0.0431,0.02624,0.02057,29.41,0.1407,0.2542,0.2929,1
0.1726,0.05623,1.176,1.256,0.0103,0.02891,0.02454,0.01114,26.4,0.141,0.2216,0.206,1
0.1752,0.05533,0.7655,2.463,0.005769,0.02423,0.01678,0.01898,38.25,0.1166,0.1628,0.2572,1
0.159,0.05648,0.4564,1.075,0.005903,0.03731,0.01557,0.01318,34.12,0.1139,0.1418,0.2218,1
0.2397,0.07016,0.726,1.595,0.006522,0.06158,0.01664,0.02324,39.42,0.165,0.265,0.4087,1
0.1587,0.05884,0.3857,1.428,0.007189,0.00466,0.0,0.02676,30.37,0.08996,0.0,0.2871,0
